
USE ENTRY_MC;


insert into Tipo_Documento(Nombre_Documento)
		values ('cedula de ciudadania'), 
			   ('cedula de extranjeria'), 
               ('pasaporte');
               

insert into usuarios (nombre_usuario, apellido_usuario,tipo_documento,numero_documento,direccion,correo_electronico,celular,nombre_rol,login,password)values
('ANTONIO',	'HERNANDEZ',	1,	11020112930	,'DIAGONAL25',	'AH@GMAIL.COM',	3045878989,	1,	'11020112930',	'11020112930'),
('MANUEL',	'SANCHEZ',	1,	12129866285	,'CALLE 20',	'MS@GMAIL.COM',	3045878990,	2,	'12129866285',	'12129866285'),
('JOSE',	'CARO',	2,	94846476578	,'CALLE 80',	'JC@GMAIL.COM',	3045878991,	1,	'94846476578',	'94846476578'),
('FRANCISCO',	'GARCIA',	1,	11020112933	,'DIAGONAL25',	'FG@GMAIL.COM',	3045878992,	4,	'11020112933',	'11020112933'),
('DAVID',	'CRUZ',	1,	94846476579	,'CARRERA 69',	'DC@GMAIL.COM',	3045878993,	3,	'94846476579',	'94846476579'),
('JUAN',	'ACERO',	1,	11020112935	,'CALLE 80',	'JA@GMAIL.COM',	3045878994,	3,	'11020112935',	'11020112935'),
('JAVIER',	'MONROY',	2,	94846476580	,'CALLE 20',	'JM@GMAIL.COM',	3045878995,	2,	'94846476580',	'94846476580'),
('JOSE ANTONIO',	'VILLA',	1,	94846476582	,'CARRERA 89',	'JAV@GMAIL.COM',	3045878996,	1,	'94846476582',	'94846476582'),
('DANIEL',	'PIÑEROS',	1,	45676754978	,'DIAGONAL70',	'DP@GMAIL.COM',	3045878997,	4,	'45676754978',	'45676754978'),
('FRANCISCO JAVIER',	'ROCHA',	1,	11020112939	,'CALLE 20',	'FJR@GMAIL.COM',	3045878998,	1,	'11020112939',	'11020112939'),
('JOSE LUIS',	'BLANCO',	3,	94846476581	,'CARRERA 69',	'JB@GMAIL.COM',	3045878999,	3,	'94846476581',	'94846476581'),
('CARLOS',	'MARTÍNEZ',	1,	94846476586	,'CARRERA 89',	'CM@GMAIL.COM',	3045879000,	4,	'94846476586',	'94846476586'),
('JESUS',	'VILLAMIZAR',	1,	11020112931	,'DIAGONAL70',	'JV@GMAIL.COM',	3045879001,	1,	'11020112931',	'11020112931'),
('ALEJANDRO',	'ARISTIZABAL',	1,	24566754981	,'CALLE 20',	'AA@GMAIL.COM',	3045879002,	1,	'24566754981',	'24566754981'),
('MIGUEL',	'CONTRERAS',	1,	24676754980	,'CARRERA 69',	'MC@GMAIL.COM',	3045879003,	1,	'24676754980',	'24676754980'),
('JOSE MANUEL',	'CASTAÑO',	1,	94846476583	,'CALLE 80',	'JMC@GMAIL.COM',	3045879004	,4,	'94846476583',	'94846476583'),
('RAFAEL',	'CASTELLANOS',	1,	11020112932	,'CARRERA 89',	'RC@GMAIL.COM',	3045879005,	1,	'11020112932',	'11020112932'),
('MIGUEL ANGEL',	'RODRIGUEZ',	2,	24567654982	,'DIAGONAL25',	'MAR@GMAIL.COM',	3045879006,	4,	'24567654982',	'24567654982'),
('PABLO',	'GOMEZ',	1,	24566754979	,'CALLE 20',	'PG@GMAIL.COM',	3045879007,	3,	'24566754979',	'24566754979'),
('PEDRO',	'ALFONSO',	1,	11020112934	,'CARRERA 69',	'PAL@GMAIL.COM',	3045879008,	1,	'11020112934',	'11020112934'),
('ANGEL',	'OSPINA',	1,	24676754983	,'DIAGONAL70',	'ANO@GMAIL.COM',	3045879009,	1,	'24676754983',	'24676754983'),
('SERGIO',	'TORRES',	1,	11020112936	,'CALLE 80',	'SET@GMAIL.COM',	3045879010,	4,	'11020112936',	'11020112936'),
('DIEGO ',	'GUZMÁN',	3,	59898798765	,'DIAGONAL25',	'DIG@GMAIL.COM',	3045879011,	2,	'59898798765',	'59898798765'),
('FERNANDO',	'CASTIBLANCO',	1,	59898794765	,'CARRERA 69',	'FEC@GMAIL.COM',	3045879012,	1,	'59898794765',	'59898794765'),
('JORGE',	'SALGADO',	1,	11020112937	,'CARRERA 89',	'JS@GMAIL.COM',	3045879013,	4,	'11020112937',	'11020112937'),
('LUIS',	'DELGADO',	1,	94846476587	,'CALLE 20',	'LDE@GMAIL.COM',	3045879014,	1,	'94846476587',	'94846476587'),
('ALBERTO',	'ÁVILA',	3,	11020112938	,'CALLE 80',	'AAV@GMAIL.COM',	3045879015,	4,	'11020112938',	'11020112938'),
('ALVARO',	'BUSTOS',	1,	12129866286	,'CARRERA 69',	'ABU@GMAIL.COM',	3045879016,	1,	'12129866286',	'12129866286'),
('JUAN CARLOS',	'RODRIGUEZ',	2,	94846476585	,'DIAGONAL25',	'JCR@GMAIL.COM',	3045879017,	3,	'94846476585',	'94846476585'),
('ADRIAN',	'GARCIA',	3,	94846476584	,'CALLE 20',	'ADG@GMAIL.COM',	3045879018,	1,	'94846476584',	'94846476584');


INSERT  INTO ROLES (NOMBRE_ROL,ESTADO_ROL) VALUES
('MECANICO',1),
('COORDINADOR',1),
('SUPERVISOR',1),
('INSPECTOR' ,1);


INSERT INTO ESTADO_ROLES( NOMBRE_ESTADO)VALUES ('ACTIVO');



INSERT INTO PERMISOS(NOMBRE_PERMISO) VALUES
		('FULL'),
        ('GENERAL'),
        ('RESTRINGIDO');
        

 
insert into Vehiculos( Codigo, Placa,marca, modelo,Tipo_Vehiculo,Estado_Vehiculo,Orden_Trabajo) values
('1121',	'KUM35',	'CHEVROLET',	2020,	4,	1,	35),
('1122',	'KUM36',	'MERCEDES',	2020,	5,	2,	36),
('1123',	'KUM37',	'MERCEDES',	2022,	6,	1,	37),
('1124',	'KUM38',	'CHEVROLET',	2022,	6,	3,	38),
('1125',	'KUM39',	'MERCEDES',	2022,	6,	2,	39),
('1126',	'KUM40',	'SUZUKI',	2020,	4,	2,	40),
('1127',	'KUM41',	'MERCEDES',	2022,	6,	2,	41),
('1128',	'KUM42',	'CHEVROLET',	2020,	4,	1,	42),
('1129',	'KUM43',	'MERCEDES',	2020,	5,	3,	43),
('1130',	'KUM44',	'MERCEDES',	2022,	6,	1,	44),
('1131',	'KUM45',	'MERCEDES',	2020,	4,	1,	45),
('1132',	'KUM46',	'MERCEDES',	2022,	6,	1,	46),
('1133',	'KUM47',	'CHEVROLET',	2022,	6,	1,	47),
('1134',	'KUM48',	'CHEVROLET',	2022,	6,	2,	48),
('1135',	'KUM49',	'SUZUKI',	2020,	5,	1,	49),
('1136',	'CDJ34',	'CHEVROLET',	2020,	4,	1,	50),
('1137',	'CDJ35',	'CHEVROLET',	2022,	6,	1,	51),
('1138',	'CDJ36',	'MERCEDES',	2022,	6,	1,	52),
('1139',	'CDJ37',	'MERCEDES',	2022,	6,	3,	53),
('1140',	'CDJ38',	'CHEVROLET',	2022,	6,	1,	54),
('1141',	'CDJ39',	'CHEVROLET',	2022,	6,	3,	55),
('1142',	'CDJ40',	'SUZUKI',	2022,	6,	1,	56),
('1143',	'CDJ41',	'MERCEDES',	2022,	6,	1,	57),
('1144',	'CDJ42',	'CHEVROLET',	2020,	5,	3,	58),
('1145',	'CDJ43',	'SUZUKI',	2022,	6,	1,	59),
('1146',	'CDJ44',	'MERCEDES',	2022,	6,	3,	60),
('1147',	'CDJ45',	'CHEVROLET',	2022,	5,	1,	61),
('1148',	'CDJ46',	'CHEVROLET',	2022,	6,	2,	62),
('1149',	'CDJ47',	'SUZUKI',	2020,	4,	2,	63),
('1150',	'CDJ48',	'MERCEDES',	2022,	6,	1,	64);



insert into Tipos_Vehiculo( Nombre_tipo_vehiculo) values 
		('BUS'),
        ('BUSETA'),
        ('ARTICULADO');
 


insert into Registro_Entrada(Codigo_Vehiculo,Placa,Marca,Modelo,Estado_Vehiculo,Observaciones,Fecha_Registro_Entrada) values
(35,	'KUM35',	'CHEVROLET',	2020,	1	,'OK',	20220528),
(36,	'KUM36',	'MERCEDES',	2020,	2	,'PROBELMAS MECANICOS',	20220528),
(37,	'KUM37',	'MERCEDES',	2022,	1	,'OK',	20220528),
(38,	'KUM38',	'CHEVROLET',	2022,	3	,'EN ESPERA DE REVISION',	20220528),
(39,	'KUM39',	'MERCEDES',	2022,	2	,'PROBELMAS ELECTRICOS',	20220528),
(40,	'KUM40',	'SUZUKI',	2020,	2	,'PROBELMAS CARROSERO',	20220528),
(41,	'KUM41',	'MERCEDES',	2022,	2	,'PROBELMAS CARROSERO',	20220528),
(42,	'KUM42',	'CHEVROLET',	2020,	1	,'OK',	20220528),
(43,	'KUM43',	'MERCEDES',	2020,	3	,'EN ESPERA DE REVISION',	20220528),
(44,	'KUM44',	'MERCEDES',	2022,	1	,'OK',	20220528),
(45,	'KUM45',	'MERCEDES',	2020,	1	,'OK',	20220528),
(46,	'KUM46',	'MERCEDES',	2022,	1	,'OK',	20220528),
(47,	'KUM47',	'CHEVROLET',	2022,	1	,'OK',	20220528),
(48,	'KUM48',	'CHEVROLET',	2022,	2	,'PROBELMAS ELECTRICOS',	20220528),
(49,	'KUM49',	'SUZUKI',	2020,	1	,'OK',	20220528),
(50,	'CDJ34',	'CHEVROLET',	2020,	1	,'OK',	20220528),
(51,	'CDJ35',	'CHEVROLET',	2022,	1	,'OK',	20220528),
(52,	'CDJ36',	'MERCEDES',	2022,	1	,'OK',	20220528),
(53,	'CDJ37',	'MERCEDES',	2022,	3	,'EN ESPERA DE REVISION',	20220528),
(54,	'CDJ38',	'CHEVROLET',	2022,	1	,'OK',	20220528),
(55,	'CDJ39',	'CHEVROLET',	2022,	3	,'OK',	20220528),
(56,	'CDJ40',	'SUZUKI',	2022,	1	,'OK',	20220528),
(57,	'CDJ41',	'MERCEDES',	2022,	1	,'OK',	20220528),
(58,	'CDJ42',	'CHEVROLET',	2020,	3	,'OK',	20220528),
(59,	'CDJ43',	'SUZUKI',	2022,	1	,'OK',	20220528),
(60,	'CDJ44',	'MERCEDES',	2022,	3	,'EN ESPERA DE REVISION',	20220528),
(61,	'CDJ45',	'CHEVROLET',	2022,	1	,'OK',	20220528),
(62,	'CDJ46',	'CHEVROLET',	2022,	2	,'PROBELMAS MECANICOS',	20220528),
(63,	'CDJ47',	'SUZUKI',	2020,	2	,'PROBELMAS MECANICOS',	20220528),
(64,	'CDJ48',	'MERCEDES',	2022,	1	,'OK',	20220528);



INSERT  INTO  Estados_Vehiculo  (Nombre_Estado) VALUES
			('CIRCULACION'),
            ('MANTENIMIENT'),
			('PATIOS');
            


insert into  Orden_Trabajo(Codigo_Vehiculo , Placa, Estado_Vehiculo,Observaciones,Fecha_Orden_Trabajo) values
('1121',	'KUM35',	1	,'OK',	20220527),
('1122',	'KUM36',	2	,'PROBELMAS MECANICOS',	20220527),
('1123',	'KUM37',	1	,'OK',	20220527),
('1124',	'KUM38',	3	,'EN ESPERA DE REVISION',	20220527),
('1125',	'KUM39',	2	,'PROBELMAS ELECTRICOS',	20220527),
('1126',	'KUM40',	2	,'PROBELMAS CARROSERO',	20220527),
('1127',	'KUM41',	2	,'PROBELMAS CARROSERO',	20220527),
('1128',	'KUM42',	1	,'OK',	20220527),
('1129',	'KUM43',	3	,'EN ESPERA DE REVISION',	20220527),
('1130',	'KUM44',	1	,'OK',	20220527),
('1131',	'KUM45',	1	,'OK',	20220527),
('1132',	'KUM46',	1	,'OK',	20220527),
('1133',	'KUM47',	1	,'OK',	20220527),
('1134',	'KUM48',	2	,'PROBELMAS ELECTRICOS',	20220527),
('1135',	'KUM49',	1	,'OK',	20220527),
('1136',	'CDJ34',	1	,'OK',	20220527),
('1137',	'CDJ35',	1	,'OK',	20220527),
('1138',	'CDJ36',	1	,'OK',	20220527),
('1139',	'CDJ37',	3	,'EN ESPERA DE REVISION',	20220527),
('1140',	'CDJ38',	1	,'OK',	20220527),
('1141',	'CDJ39',	3	,'OK',	20220527),
('1142',	'CDJ40',	1	,'OK',	20220527),
('1143',	'CDJ41',	1	,'OK',	20220527),
('1144',	'CDJ42',	3	,'OK',	20220527),
('1145',	'CDJ43',	1	,'OK',	20220527),
('1146',	'CDJ44',	3	,'EN ESPERA DE REVISION',	20220527),
('1147',	'CDJ45',	1	,'OK',	20220527),
('1148',	'CDJ46',	2	,'PROBELMAS MECANICOS',	20220527),
('1149',	'CDJ47',	2	,'PROBELMAS MECANICOS',	20220527),
('1150',	'CDJ48',	1	,'OK',	20220527);


insert into Registro_salida(Codigo_Vehiculo,Placa,Marca,Modelo,Estado_Vehiculo,Observaciones,Fecha_Registro_salida) values
(35,	'KUM35',	'CHEVROLET',	2020,	1	,'OK',	20220529),
(36,	'KUM36',	'MERCEDES',	2020,	1	,'PROBELMAS MECANICOS',	20220529),
(37,	'KUM37',	'MERCEDES',	2022,	1	,'OK',	20220529),
(38,	'KUM38',	'CHEVROLET',	2022,	1	,'EN ESPERA DE REVISION',	20220529),
(39,	'KUM39',	'MERCEDES',	2022,	1	,'PROBELMAS ELECTRICOS',	20220529),
(40,	'KUM40',	'SUZUKI',	2020,	1	,'PROBELMAS CARROSERO',	20220529),
(41,	'KUM41',	'MERCEDES',	2022,	1	,'PROBELMAS CARROSERO',	20220529),
(42,	'KUM42',	'CHEVROLET',	2020,	1	,'OK',	20220529),
(43,	'KUM43',	'MERCEDES',	2020,	1	,'EN ESPERA DE REVISION',	20220529),
(44,	'KUM44',	'MERCEDES',	2022,	1	,'OK',	20220529),
(45,	'KUM45',	'MERCEDES',	2020,	1	,'OK',	20220529),
(46,	'KUM46',	'MERCEDES',	2022,	1	,'OK',	20220529),
(47,	'KUM47',	'CHEVROLET',	2022,	1	,'OK',	20220529),
(48,	'KUM48',	'CHEVROLET',	2022,	1	,'PROBELMAS ELECTRICOS',	20220529),
(49,	'KUM49',	'SUZUKI',	2020,	1	,'OK',	20220529),
(50,	'CDJ34',	'CHEVROLET',	2020,	1	,'OK',	20220529),
(51,	'CDJ35',	'CHEVROLET',	2022,	1	,'OK',	20220529),
(52,	'CDJ36',	'MERCEDES',	2022,	1	,'OK',	20220529),
(53,	'CDJ37',	'MERCEDES',	2022,	1	,'EN ESPERA DE REVISION',	20220529),
(54,	'CDJ38',	'CHEVROLET',	2022,	1	,'OK',	20220529),
(55,	'CDJ39',	'CHEVROLET',	2022,	1	,'OK',	20220529),
(56,	'CDJ40',	'SUZUKI',	2022,	1	,'OK',	20220529),
(57,	'CDJ41',	'MERCEDES',	2022,	1	,'OK',	20220529),
(58,	'CDJ42',	'CHEVROLET',	2020,	1	,'OK',	20220529),
(59,	'CDJ43',	'SUZUKI',	2022,	1	,'OK',	20220529),
(60,	'CDJ44',	'MERCEDES',	2022,	1	,'EN ESPERA DE REVISION',	20220529),
(61,	'CDJ45',	'CHEVROLET',	2022,	1	,'OK',	20220529),
(62,	'CDJ46',	'CHEVROLET',	2022,	1	,'PROBELMAS MECANICOS',	20220529),
(63,	'CDJ47',	'SUZUKI',	2020,	1	,'PROBELMAS MECANICOS',	20220529),
(64,	'CDJ48',	'MERCEDES',	2022,	1	,'OK',	20220529);


